{
  "tag_size_mm": 50,
  "paper_size_mm": [
    594,
    841,
    0
  ],
  "num_x": 8,
  "num_y": 12,
  "0": [
    [
      -287.00846740050804,
      -410.50846740050804,
      0.0
    ],
    [
      -237.00846740050804,
      -410.50846740050804,
      0.0
    ],
    [
      -237.00846740050804,
      -360.50846740050804,
      0.0
    ],
    [
      -287.00846740050804,
      -360.50846740050804,
      0.0
    ]
  ],
  "1": [
    [
      -212.14454840806255,
      -410.50846740050804,
      0.0
    ],
    [
      -162.1445535761537,
      -410.50846740050804,
      0.0
    ],
    [
      -162.1445535761537,
      -360.50846740050804,
      0.0
    ],
    [
      -212.14454840806255,
      -360.50846740050804,
      0.0
    ]
  ],
  "2": [
    [
      -137.28062941561706,
      -410.50846740050804,
      0.0
    ],
    [
      -87.28063975179933,
      -410.50846740050804,
      0.0
    ],
    [
      -87.28063975179933,
      -360.50846740050804,
      0.0
    ],
    [
      -137.28062941561706,
      -360.50846740050804,
      0.0
    ]
  ],
  "3": [
    [
      -62.41672592744496,
      -410.50846740050804,
      0.0
    ],
    [
      -12.416725927444986,
      -410.50846740050804,
      0.0
    ],
    [
      -12.416725927444986,
      -360.50846740050804,
      0.0
    ],
    [
      -62.41672592744496,
      -360.50846740050804,
      0.0
    ]
  ],
  "4": [
    [
      12.447208569273926,
      -410.50846740050804,
      0.0
    ],
    [
      62.447187896909384,
      -410.50846740050804,
      0.0
    ],
    [
      62.447187896909384,
      -360.50846740050804,
      0.0
    ],
    [
      12.447208569273926,
      -360.50846740050804,
      0.0
    ]
  ],
  "5": [
    [
      87.3111223936283,
      -410.50846740050804,
      0.0
    ],
    [
      137.3111223936283,
      -410.50846740050804,
      0.0
    ],
    [
      137.3111223936283,
      -360.50846740050804,
      0.0
    ],
    [
      87.3111223936283,
      -360.50846740050804,
      0.0
    ]
  ],
  "6": [
    [
      162.17501554561812,
      -410.50846740050804,
      0.0
    ],
    [
      212.17501554561812,
      -410.50846740050804,
      0.0
    ],
    [
      212.17501554561812,
      -360.50846740050804,
      0.0
    ],
    [
      162.17501554561812,
      -360.50846740050804,
      0.0
    ]
  ],
  "7": [
    [
      237.03895004233698,
      -410.50846740050804,
      0.0
    ],
    [
      287.038950042337,
      -410.50846740050804,
      0.0
    ],
    [
      287.038950042337,
      -360.50846740050804,
      0.0
    ],
    [
      237.03895004233698,
      -360.50846740050804,
      0.0
    ]
  ],
  "8": [
    [
      -287.00846740050804,
      -340.40993670948876,
      0.0
    ],
    [
      -237.00846740050804,
      -340.40993670948876,
      0.0
    ],
    [
      -237.00846740050804,
      -290.40993670948876,
      0.0
    ],
    [
      -287.00846740050804,
      -290.40993670948876,
      0.0
    ]
  ],
  "9": [
    [
      237.03895004233698,
      -340.40993670948876,
      0.0
    ],
    [
      287.038950042337,
      -340.40993670948876,
      0.0
    ],
    [
      287.038950042337,
      -290.40993670948876,
      0.0
    ],
    [
      237.03895004233698,
      -290.40993670948876,
      0.0
    ]
  ],
  "10": [
    [
      -287.00846740050804,
      -270.3114060184695,
      0.0
    ],
    [
      -237.00846740050804,
      -270.3114060184695,
      0.0
    ],
    [
      -237.00846740050804,
      -220.3114060184695,
      0.0
    ],
    [
      -287.00846740050804,
      -220.3114060184695,
      0.0
    ]
  ],
  "11": [
    [
      237.03895004233698,
      -270.3114060184695,
      0.0
    ],
    [
      287.038950042337,
      -270.3114060184695,
      0.0
    ],
    [
      287.038950042337,
      -220.3114060184695,
      0.0
    ],
    [
      237.03895004233698,
      -220.3114060184695,
      0.0
    ]
  ],
  "12": [
    [
      -287.00846740050804,
      -200.2128856636325,
      0.0
    ],
    [
      -237.00846740050804,
      -200.2128856636325,
      0.0
    ],
    [
      -237.00846740050804,
      -150.2128856636325,
      0.0
    ],
    [
      -287.00846740050804,
      -150.2128856636325,
      0.0
    ]
  ],
  "13": [
    [
      237.03895004233698,
      -200.2128856636325,
      0.0
    ],
    [
      287.038950042337,
      -200.2128856636325,
      0.0
    ],
    [
      287.038950042337,
      -150.2128856636325,
      0.0
    ],
    [
      237.03895004233698,
      -150.2128856636325,
      0.0
    ]
  ],
  "14": [
    [
      -287.00846740050804,
      -130.11434463643099,
      0.0
    ],
    [
      -237.00846740050804,
      -130.11434463643099,
      0.0
    ],
    [
      -237.00846740050804,
      -80.11434463643099,
      0.0
    ],
    [
      -287.00846740050804,
      -80.11434463643099,
      0.0
    ]
  ],
  "15": [
    [
      237.03895004233698,
      -130.11434463643099,
      0.0
    ],
    [
      287.038950042337,
      -130.11434463643099,
      0.0
    ],
    [
      287.038950042337,
      -80.11434463643099,
      0.0
    ],
    [
      237.03895004233698,
      -80.11434463643099,
      0.0
    ]
  ],
  "16": [
    [
      -287.00846740050804,
      -60.015803609229465,
      0.0
    ],
    [
      -237.00846740050804,
      -60.015803609229465,
      0.0
    ],
    [
      -237.00846740050804,
      -10.015803609229465,
      0.0
    ],
    [
      -287.00846740050804,
      -10.015803609229465,
      0.0
    ]
  ],
  "17": [
    [
      237.03895004233698,
      -60.015803609229465,
      0.0
    ],
    [
      287.038950042337,
      -60.015803609229465,
      0.0
    ],
    [
      287.038950042337,
      -10.015803609229465,
      0.0
    ],
    [
      237.03895004233698,
      -10.015803609229465,
      0.0
    ]
  ],
  "18": [
    [
      -287.00846740050804,
      10.082696073243028,
      0.0
    ],
    [
      -237.00846740050804,
      10.082696073243028,
      0.0
    ],
    [
      -237.00846740050804,
      60.08269607324303,
      0.0
    ],
    [
      -287.00846740050804,
      60.08269607324303,
      0.0
    ]
  ],
  "19": [
    [
      237.03895004233698,
      10.082696073243028,
      0.0
    ],
    [
      287.038950042337,
      10.082696073243028,
      0.0
    ],
    [
      287.038950042337,
      60.08269607324303,
      0.0
    ],
    [
      237.03895004233698,
      60.08269607324303,
      0.0
    ]
  ],
  "20": [
    [
      -287.00846740050804,
      80.18123710044455,
      0.0
    ],
    [
      -237.00846740050804,
      80.18123710044455,
      0.0
    ],
    [
      -237.00846740050804,
      130.1812371004445,
      0.0
    ],
    [
      -287.00846740050804,
      130.1812371004445,
      0.0
    ]
  ],
  "21": [
    [
      237.03895004233698,
      80.18123710044455,
      0.0
    ],
    [
      287.038950042337,
      80.18123710044455,
      0.0
    ],
    [
      287.038950042337,
      130.1812371004445,
      0.0
    ],
    [
      237.03895004233698,
      130.1812371004445,
      0.0
    ]
  ],
  "22": [
    [
      -287.00846740050804,
      150.27977812764607,
      0.0
    ],
    [
      -237.00846740050804,
      150.27977812764607,
      0.0
    ],
    [
      -237.00846740050804,
      200.27977812764607,
      0.0
    ],
    [
      -287.00846740050804,
      200.27977812764607,
      0.0
    ]
  ],
  "23": [
    [
      237.03895004233698,
      150.27977812764607,
      0.0
    ],
    [
      287.038950042337,
      150.27977812764607,
      0.0
    ],
    [
      287.038950042337,
      200.27977812764607,
      0.0
    ],
    [
      237.03895004233698,
      200.27977812764607,
      0.0
    ]
  ],
  "24": [
    [
      -287.00846740050804,
      220.37831915484753,
      0.0
    ],
    [
      -237.00846740050804,
      220.37831915484753,
      0.0
    ],
    [
      -237.00846740050804,
      270.37831915484753,
      0.0
    ],
    [
      -287.00846740050804,
      270.37831915484753,
      0.0
    ]
  ],