{
  "tag_size_mm": 50,
  "paper_size_mm": [
    841,
    594,
    0
  ],
  "num_x": 8,
  "num_y": 12,
  "0": [
    [
      -410.508467400508,
      -287.00846740050815,
      3.5148400093021965e-14
    ],
    [
      -410.508467400508,
      -237.00846740050812,
      2.9025166097285195e-14
    ],
    [
      -360.508467400508,
      -237.00846740050812,
      2.9025166097285195e-14
    ],
    [
      -360.508467400508,
      -287.0084674005081,
      3.5148400093021965e-14
    ]
  ],
  "1": [
    [
      -410.508467400508,
      -212.14454840806263,
      2.5980214216449453e-14
    ],
    [
      -410.508467400508,
      -162.14455357615378,
      1.9856980853621316e-14
    ],
    [
      -360.508467400508,
      -162.14455357615378,
      1.9856980853621316e-14
    ],
    [
      -360.508467400508,
      -212.14454840806263,
      2.5980214216449453e-14
    ]
  ],
  "2": [
    [
      -410.508467400508,
      -137.28062941561714,
      1.681202833987694e-14
    ],
    [
      -410.50846740050804,
      -87.28063975179941,
      1.0688795609957429e-14
    ],
    [
      -360.50846740050804,
      -87.28063975179941,
      1.0688795609957429e-14
    ],
    [
      -360.508467400508,
      -137.28062941561714,
      1.681202833987694e-14
    ]
  ],
  "3": [
    [
      -410.50846740050804,
      -62.41672592744505,
      7.643844362030307e-15
    ],
    [
      -410.50846740050804,
      -12.416725927445077,
      1.5206103662935453e-15
    ],
    [
      -360.50846740050804,
      -12.416725927445066,
      1.5206103662935453e-15
    ],
    [
      -360.50846740050804,
      -62.416725927445036,
      7.643844362030307e-15
    ]
  ],
  "4": [
    [
      -410.50846740050804,
      12.447208569273835,
      -1.524343413268082e-15
    ],
    [
      -410.50846740050804,
      62.44718789690929,
      -7.64757487737034e-15
    ],
    [
      -360.50846740050804,
      62.447187896909305,
      -7.64757487737034e-15
    ],
    [
      -360.50846740050804,
      12.447208569273846,
      -1.524343413268082e-15
    ]
  ],
  "5": [
    [
      -410.50846740050804,
      87.31112239362821,
      -1.0692528656931969e-14
    ],
    [
      -410.5084674005081,
      137.3111223936282,
      -1.6815762652668734e-14
    ],
    [
      -360.5084674005081,
      137.3111223936282,
      -1.6815762652668734e-14
    ],
    [
      -360.50846740050804,
      87.31112239362821,
      -1.0692528656931969e-14
    ]
  ],
  "6": [
    [
      -410.5084674005081,
      162.17501554561804,
      -1.9860711368961348e-14
    ],
    [
      -410.5084674005081,
      212.17501554561804,
      -2.5983945364698115e-14
    ],
    [
      -360.5084674005081,
      212.17501554561804,
      -2.5983945364698115e-14
    ],
    [
      -360.5084674005081,
      162.17501554561804,
      -1.9860711368961348e-14
    ]
  ],
  "7": [
    [
      -410.5084674005081,
      237.0389500423369,
      -2.902889914425973e-14
    ],
    [
      -410.5084674005081,
      287.03895004233686,
      -3.51521331399965e-14
    ],
    [
      -360.5084674005081,
      287.0389500423369,
      -3.51521331399965e-14
    ],
    [
      -360.5084674005081,
      237.0389500423369,
      -2.902889914425973e-14
    ]
  ],
  "8": [
    [
      -340.4099367094887,
      -287.0084674005081,
      3.5148400093021965e-14
    ],
    [
      -340.4099367094887,
      -237.00846740050812,
      2.9025166097285195e-14
    ],
    [
      -290.4099367094887,
      -237.0084674005081,
      2.9025166097285195e-14
    ],
    [
      -290.4099367094887,
      -287.0084674005081,
      3.5148400093021965e-14
    ]
  ],
  "9": [
    [
      -340.4099367094888,
      237.0389500423369,
      -2.902889914425973e-14
    ],
    [
      -340.4099367094888,
      287.0389500423369,
      -3.51521331399965e-14
    ],
    [
      -290.4099367094888,
      287.0389500423369,
      -3.51521331399965e-14
    ],
    [
      -290.4099367094888,
      237.03895004233692,
      -2.902889914425973e-14
    ]
  ],
  "10": [
    [
      -270.3114060184694,
      -287.0084674005081,
      3.5148400093021965e-14
    ],
    [
      -270.3114060184694,
      -237.0084674005081,
      2.9025166097285195e-14
    ],
    [
      -220.31140601846946,
      -237.0084674005081,
      2.9025166097285195e-14
    ],
    [
      -220.31140601846946,
      -287.0084674005081,
      3.5148400093021965e-14
    ]
  ],
  "11": [
    [
      -270.31140601846954,
      237.03895004233692,
      -2.902889914425973e-14
    ],
    [
      -270.31140601846954,
      287.0389500423369,
      -3.51521331399965e-14
    ],
    [
      -220.31140601846957,
      287.0389500423369,
      -3.51521331399965e-14
    ],
    [
      -220.31140601846957,
      237.03895004233692,
      -2.902889914425973e-14
    ]
  ],
  "12": [
    [
      -200.21288566363245,
      -287.0084674005081,
      3.5148400093021965e-14
    ],
    [
      -200.21288566363245,
      -237.0084674005081,
      2.9025166097285195e-14
    ],
    [
      -150.21288566363245,
      -237.00846740050807,
      2.9025166097285195e-14
    ],
    [
      -150.21288566363245,
      -287.0084674005081,
      3.5148400093021965e-14
    ]
  ],
  "13": [
    [
      -200.21288566363256,
      237.03895004233692,
      -2.902889914425973e-14
    ],
    [
      -200.21288566363256,
      287.0389500423369,
      -3.51521331399965e-14
    ],
    [
      -150.21288566363256,
      287.0389500423369,
      -3.51521331399965e-14
    ],
    [
      -150.21288566363256,
      237.03895004233695,
      -2.902889914425973e-14
    ]
  ],
  "14": [
    [
      -130.11434463643093,
      -287.0084674005081,
      3.5148400093021965e-14
    ],
    [
      -130.11434463643093,
      -237.00846740050807,
      2.9025166097285195e-14
    ],
    [
      -80.11434463643093,
      -237.00846740050807,
      2.9025166097285195e-14
    ],
    [
      -80.11434463643093,
      -287.00846740050804,
      3.5148400093021965e-14
    ]
  ],
  "15": [
    [
      -130.11434463643104,
      237.03895004233695,
      -2.902889914425973e-14
    ],
    [
      -130.11434463643104,
      287.0389500423369,
      -3.51521331399965e-14
    ],
    [
      -80.11434463643104,
      287.038950042337,
      -3.51521331399965e-14
    ],
    [
      -80.11434463643104,
      237.03895004233695,
      -2.902889914425973e-14
    ]
  ],
  "16": [
    [
      -60.0158036092294,
      -287.00846740050804,
      3.5148400093021965e-14
    ],
    [
      -60.015803609229415,
      -237.00846740050804,
      2.9025166097285195e-14
    ],
    [
      -10.015803609229412,
      -237.00846740050804,
      2.9025166097285195e-14
    ],
    [
      -10.015803609229401,
      -287.00846740050804,
      3.5148400093021965e-14
    ]
  ],
  "17": [
    [
      -60.015803609229515,
      237.03895004233698,
      -2.902889914425973e-14
    ],
    [
      -60.01580360922953,
      287.038950042337,
      -3.51521331399965e-14
    ],
    [
      -10.015803609229529,
      287.038950042337,
      -3.51521331399965e-14
    ],
    [
      -10.015803609229518,
      237.03895004233698,
      -2.902889914425973e-14
    ]
  ],
  "18": [
    [
      10.082696073243092,
      -287.00846740050804,
      3.5148400093021965e-14
    ],
    [
      10.082696073243081,
      -237.00846740050804,
      2.9025166097285195e-14
    ],
    [
      60.08269607324308,
      -237.00846740050804,
      2.9025166097285195e-14
    ],
    [
      60.08269607324309,
      -287.00846740050804,
      3.5148400093021965e-14
    ]
  ],
  "19": [
    [
      10.082696073242975,
      237.03895004233698,
      -2.902889914425973e-14
    ],
    [
      10.082696073242964,
      287.038950042337,
      -3.51521331399965e-14
    ],
    [
      60.082696073242964,
      287.038950042337,
      -3.51521331399965e-14
    ],
    [
      60.08269607324298,
      237.03895004233698,
      -2.902889914425973e-14
    ]
  ],