{
  "tag_size_mm": 50,
  "paper_size_mm": [
    594,
    841
  ],
  "num_x": 8,
  "num_y": 12,
  "0": [
    [
      9.991532599491956,
      9.991532599491956,
      0.0
    ],
    [
      59.991532599491954,
      9.991532599491956,
      0.0
    ],
    [
      59.991532599491954,
      59.991532599491954,
      0.0
    ],
    [
      9.991532599491956,
      59.991532599491954,
      0.0
    ]
  ],
  "1": [
    [
      84.85545159193745,
      9.991532599491956,
      0.0
    ],
    [
      134.8554464238463,
      9.991532599491956,
      0.0
    ],
    [
      134.8554464238463,
      59.991532599491954,
      0.0
    ],
    [
      84.85545159193745,
      59.991532599491954,
      0.0
    ]
  ],
  "2": [
    [
      159.71937058438294,
      9.991532599491956,
      0.0
    ],
    [
      209.71936024820067,
      9.991532599491956,
      0.0
    ],
    [
      209.71936024820067,
      59.991532599491954,
      0.0
    ],
    [
      159.71937058438294,
      59.991532599491954,
      0.0
    ]
  ],
  "3": [
    [
      234.58327407255504,
      9.991532599491956,
      0.0
    ],
    [
      284.583274072555,
      9.991532599491956,
      0.0
    ],
    [
      284.583274072555,
      59.991532599491954,
      0.0
    ],
    [
      234.58327407255504,
      59.991532599491954,
      0.0
    ]
  ],
  "4": [
    [
      309.4472085692739,
      9.991532599491956,
      0.0
    ],
    [
      359.4471878969094,
      9.991532599491956,
      0.0
    ],
    [
      359.4471878969094,
      59.991532599491954,
      0.0
    ],
    [
      309.4472085692739,
      59.991532599491954,
      0.0
    ]
  ],
  "5": [
    [
      384.3111223936283,
      9.991532599491956,
      0.0
    ],
    [
      434.3111223936283,
      9.991532599491956,
      0.0
    ],
    [
      434.3111223936283,
      59.991532599491954,
      0.0
    ],
    [
      384.3111223936283,
      59.991532599491954,
      0.0
    ]
  ],
  "6": [
    [
      459.1750155456181,
      9.991532599491956,
      0.0
    ],
    [
      509.1750155456181,
      9.991532599491956,
      0.0
    ],
    [
      509.1750155456181,
      59.991532599491954,
      0.0
    ],
    [
      459.1750155456181,
      59.991532599491954,
      0.0
    ]
  ],
  "7": [
    [
      534.038950042337,
      9.991532599491956,
      0.0
    ],
    [
      584.038950042337,
      9.991532599491956,
      0.0
    ],
    [
      584.038950042337,
      59.991532599491954,
      0.0
    ],
    [
      534.038950042337,
      59.991532599491954,
      0.0
    ]
  ],
  "8": [
    [
      9.991532599491956,
      80.09006329051122,
      0.0
    ],
    [
      59.991532599491954,
      80.09006329051122,
      0.0
    ],
    [
      59.991532599491954,
      130.0900632905112,
      0.0
    ],
    [
      9.991532599491956,
      130.0900632905112,
      0.0
    ]
  ],
  "9": [
    [
      534.038950042337,
      80.09006329051122,
      0.0
    ],
    [
      584.038950042337,
      80.09006329051122,
      0.0
    ],
    [
      584.038950042337,
      130.0900632905112,
      0.0
    ],
    [
      534.038950042337,
      130.0900632905112,
      0.0
    ]
  ],
  "10": [
    [
      9.991532599491956,
      150.1885939815305,
      0.0
    ],
    [
      59.991532599491954,
      150.1885939815305,
      0.0
    ],
    [
      59.991532599491954,
      200.1885939815305,
      0.0
    ],
    [
      9.991532599491956,
      200.1885939815305,
      0.0
    ]
  ],
  "11": [
    [
      534.038950042337,
      150.1885939815305,
      0.0
    ],
    [
      584.038950042337,
      150.1885939815305,
      0.0
    ],
    [
      584.038950042337,
      200.1885939815305,
      0.0
    ],
    [
      534.038950042337,
      200.1885939815305,
      0.0
    ]
  ],
  "12": [
    [
      9.991532599491956,
      220.2871143363675,
      0.0
    ],
    [
      59.991532599491954,
      220.2871143363675,
      0.0
    ],
    [
      59.991532599491954,
      270.2871143363675,
      0.0
    ],
    [
      9.991532599491956,
      270.2871143363675,
      0.0
    ]
  ],
  "13": [
    [
      534.038950042337,
      220.2871143363675,
      0.0
    ],
    [
      584.038950042337,
      220.2871143363675,
      0.0
    ],
    [
      584.038950042337,
      270.2871143363675,
      0.0
    ],
    [
      534.038950042337,
      270.2871143363675,
      0.0
    ]
  ],
  "14": [
    [
      9.991532599491956,
      290.385655363569,
      0.0
    ],
    [
      59.991532599491954,
      290.385655363569,
      0.0
    ],
    [
      59.991532599491954,
      340.385655363569,
      0.0
    ],
    [
      9.991532599491956,
      340.385655363569,
      0.0
    ]
  ],
  "15": [
    [
      534.038950042337,
      290.385655363569,
      0.0
    ],
    [
      584.038950042337,
      290.385655363569,
      0.0
    ],
    [
      584.038950042337,
      340.385655363569,
      0.0
    ],
    [
      534.038950042337,
      340.385655363569,
      0.0
    ]
  ],
  "16": [
    [
      9.991532599491956,
      360.48419639077053,
      0.0
    ],
    [
      59.991532599491954,
      360.48419639077053,
      0.0
    ],
    [
      59.991532599491954,
      410.48419639077053,
      0.0
    ],
    [
      9.991532599491956,
      410.48419639077053,
      0.0
    ]
  ],
  "17": [
    [
      534.038950042337,
      360.48419639077053,
      0.0
    ],
    [
      584.038950042337,
      360.48419639077053,
      0.0
    ],
    [
      584.038950042337,
      410.48419639077053,
      0.0
    ],
    [
      534.038950042337,
      410.48419639077053,
      0.0
    ]
  ],
  "18": [
    [
      9.991532599491956,
      430.582696073243,
      0.0
    ],
    [
      59.991532599491954,
      430.582696073243,
      0.0
    ],
    [
      59.991532599491954,
      480.582696073243,
      0.0
    ],
    [
      9.991532599491956,
      480.582696073243,
      0.0
    ]
  ],
  "19": [
    [
      534.038950042337,
      430.582696073243,
      0.0
    ],
    [
      584.038950042337,
      430.582696073243,
      0.0
    ],
    [
      584.038950042337,
      480.582696073243,
      0.0
    ],
    [
      534.038950042337,
      480.582696073243,
      0.0
    ]
  ],
  "20": [
    [
      9.991532599491956,
      500.68123710044455,
      0.0
    ],
    [
      59.991532599491954,
      500.68123710044455,
      0.0
    ],
    [
      59.991532599491954,
      550.6812371004445,
      0.0
    ],
    [
      9.991532599491956,
      550.6812371004445,
      0.0
    ]
  ],
  "21": [
    [
      534.038950042337,
      500.68123710044455,
      0.0
    ],
    [
      584.038950042337,
      500.68123710044455,
      0.0
    ],
    [
      584.038950042337,
      550.6812371004445,
      0.0
    ],
    [
      534.038950042337,
      550.6812371004445,
      0.0
    ]
  ],
  "22": [
    [
      9.991532599491956,
      570.7797781276461,
      0.0
    ],
    [
      59.991532599491954,
      570.7797781276461,
      0.0
    ],
    [
      59.991532599491954,
      620.7797781276461,
      0.0
    ],
    [
      9.991532599491956,
      620.7797781276461,
      0.0
    ]
  ],
  "23": [
    [
      534.038950042337,
      570.7797781276461,
      0.0
    ],
    [
      584.038950042337,
      570.7797781276461,
      0.0
    ],
    [
      584.038950042337,
      620.7797781276461,
      0.0
    ],
    [
      534.038950042337,
      620.7797781276461,
      0.0
    ]
  ],
  "24": [
    [
      9.991532599491956,
      640.8783191548475,
      0.0
    ],
    [
      59.991532599491954,
      640.8783191548475,
      0.0
    ],
    [
      59.991532599491954,
      690.8783191548475,
      0.0
    ],
    [
      9.991532599491956,
      690.8783191548475,
      0.0
    ]
  ],