{
    "rotation_matrix": [
        [
            -0.0027988313253431985,
            -0.9999540305847558,
            0.009170782982563658
        ],
        [
            0.9995960151506424,
            -0.003056980520347641,
            -0.028257058676632224
        ],
        [
            0.028283794621102365,
            0.00908799138419561,
            0.9995586202791868
        ]
    ],
    "translation_vector": [
        [
            96.90320424121761
        ],
        [
            -4.953723727277183
        ],
        [
            63.482138497257225
        ]
    ],
    "transformation_matrix": [
        [
            -0.0027988313253431985,
            -0.9999540305847558,
            0.009170782982563658,
            96.90320424121761
        ],
        [
            0.9995960151506424,
            -0.003056980520347641,
            -0.028257058676632224,
            -4.953723727277183
        ],
        [
            0.028283794621102365,
            0.00908799138419561,
            0.9995586202791868,
            63.482138497257225
        ],
        [
            0.0,
            0.0,
            0.0,
            1.0
        ]
    ]
}