{
    "K": [
        [
            2329.4181274202197,
            0.0,
            1129.273161506249
        ],
        [
            0.0,
            2323.9133266298395,
            942.0490011482331
        ],
        [
            0.0,
            0.0,
            1.0
        ]
    ],
    "dist_coeff": [
        [
            -0.07907304759172326,
            0.12203021066104035,
            -0.004453306793132392,
            -0.010735506950856092,
            -0.1439646268545486
        ]
    ]
}