{
  "color": {
    "Kmx": [
      [
        425.7525329589844,
        0.0,
        425.91796875
      ],
      [
        0.0,
        425.2587890625,
        244.5151824951172
      ],
      [
        0.0,
        0.0,
        1.0
      ]
    ],
    "width": 848,
    "height": 480,
    "model": "distortion.inverse_brown_conrady",
    "coeffs": [
      -0.05731408670544624,
      0.06807556003332138,
      0.000451623578555882,
      0.0010082775261253119,
      -0.021750040352344513
    ],
    "fx": 425.7525329589844,
    "fy": 425.2587890625,
    "ppx": 425.91796875,
    "ppy": 244.5151824951172
  },
  "raw_depth": {
    "Kmx": [
      [
        430.832275390625,
        0.0,
        428.9342041015625
      ],
      [
        0.0,
        430.832275390625,
        241.2564239501953
      ],
      [
        0.0,
        0.0,
        1.0
      ]
    ],
    "width": 848,
    "height": 480,
    "model": "distortion.brown_conrady",
    "coeffs": [
      0.0,
      0.0,
      0.0,
      0.0,
      0.0
    ],
    "fx": 430.832275390625,
    "fy": 430.832275390625,
    "ppx": 428.9342041015625,
    "ppy": 241.2564239501953
  },
  "depth2color_extrinsics": {
    "Tmx": [
      [
        0.9999949932098389,
        -0.0024978434666991234,
        -0.0019484355580061674,
        -0.05919746309518814
      ],
      [
        0.0024940285366028547,
        0.9999949932098389,
        -0.0019579455256462097,
        8.50800788612105e-05
      ],
      [
        0.0019533163867890835,
        0.0019530763383954763,
        0.9999961853027344,
        0.0003867192135658115
      ],
      [
        0.0,
        0.0,
        0.0,
        1.0
      ]
    ],
    "Rmx": [
      0.9999949932098389,
      -0.0024978434666991234,
      -0.0019484355580061674,
      0.0024940285366028547,
      0.9999949932098389,
      -0.0019579455256462097,
      0.0019533163867890835,
      0.0019530763383954763,
      0.9999961853027344
    ],
    "tvc": [
      -0.05919746309518814,
      8.50800788612105e-05,
      0.0003867192135658115
    ]
  }
}